Filename,Category
Test1001.jpg,Positive
Test1012.jpg,Positive
Test1022.jpg,Random
Test1071.jpg,Negative
Test1122.jpg,Negative
Test1161.jpg,Negative
Test1199.jpg,Negative
Test1229.jpg,Negative
Test1240.jpg,Negative
Test1271.jpg,Positive
Test1279.jpg,Random
Test1290.jpg,Random
Test1353.jpg,Negative
Test1359.jpg,Negative
Test1615.jpg,Negative
Test1620.jpg,Positive
Test1634.jpg,Random
Test1644.jpg,Negative
Test1717.jpg,Positive
Test1724.jpg,Random
Test1743.jpg,Negative
Test1767.jpg,Positive
Test1776.jpg,Negative
Test1785.jpg,Negative
Test1788.jpg,Positive
Test1803.jpg,Positive
Test1818.jpg,Negative
Test1837.jpg,Positive
Test1856.jpg,Negative
Test1872.jpg,Negative
Test1884.jpg,Negative
Test1885.jpg,Negative
Test1889.jpg,Positive
Test1902.jpg,Positive
Test1923.jpg,Random
Test1934.jpg,Negative
Test1954.jpg,Negative
Test1992.jpg,Negative
Test2007.jpg,Negative
Test2049.jpg,Positive
Test2068.jpg,Random
Test2114.jpg,Random
Test2209.jpg,Random
Test2235.jpg,Positive
Test2280.jpg,Negative
Test2309.jpg,Random
Test2371.jpg,Positive
Test2411.jpg,Negative
Test2424.jpg,Random
Test2434.jpg,Random
Test2455.jpg,Random
Test2590.jpg,Negative
Test2616.jpg,Negative
Test2648.jpg,Random
Test2650.jpg,Negative
Test2743.jpg,Negative
Test2791.jpg,Negative
Test2792.jpg,Negative
Test2870.jpg,Negative
Test2959.jpg,Positive
Test2962.jpg,Positive
Test2977.jpg,Positive
Test3024.jpg,Negative
Test3030.jpg,Random
Test3118.jpg,Positive
Test3130.jpg,Negative
Test3159.jpg,Positive
Test3177.jpg,Positive
Test3246.jpg,Positive
Test3265.jpg,Negative
Test3277.jpg,Random
Test3294.jpg,Positive
Test3360.jpg,Positive
Test3512.jpg,Random
Test3525.jpg,Negative
Test3566.jpg,Random
Test3625.jpg,Random
Test3706.jpg,Positive
Test3749.jpg,Positive
Test3750.jpg,Negative
Test3789.jpg,Positive
Test3798.jpg,Negative
Test3827.jpg,Negative
Test3863.jpg,Positive
Test3864.jpg,Random
Test3893.jpg,Negative
Test3934.jpg,Negative
Test3975.jpg,Negative
Test3985.jpg,Negative
Test353.jpg,Positive
Test360.jpg,Random
Test372.jpg,Positive
Test374.jpg,Positive
Test378.jpg,Positive
Test396.jpg,Positive
Test397.jpg,Positive
Test400.jpg,Negative
Test417.jpg,Positive
Test422.jpg,Positive
Test440.jpg,Negative
Test449.jpg,Negative
Test482.jpg,Positive
Test489.jpg,Positive
Test490.jpg,Positive
Test498.jpg,Positive
Test516.jpg,Positive
Test519.jpg,Positive
Test522.jpg,Positive
Test523.jpg,Positive
Test526.jpg,Random
Test527.jpg,Positive
Test533.jpg,Positive
Test536.jpg,Positive
Test545.jpg,Positive
Test579.jpg,Positive
Test581.jpg,Positive
Test587.jpg,Positive
Test606.jpg,Positive
Test612.jpg,Positive
Test614.jpg,Positive
Test624.jpg,Negative
Test644.jpg,Positive
Test660.jpg,Negative
Test661.jpg,Positive
Test665.jpg,Positive
Test668.jpg,Positive
Test677.jpg,Positive
Test715.jpg,Negative
Test751.jpg,Random
Test757.jpg,Random
Test760.jpg,Positive
Test761.jpg,Negative
Test778.jpg,Negative
Test779.jpg,Positive
Test789.jpg,Negative
Test803.jpg,Negative
Test811.jpg,Negative
Test812.jpg,Random
Test824.jpg,Positive
Test833.jpg,Positive
Test834.jpg,Positive
Test835.jpg,Negative
Test837.jpg,Positive
Test843.jpg,Negative
Test859.jpg,Random
Test861.jpg,Negative
Test884.jpg,Positive
Test890.jpg,Negative
Test903.jpg,Positive
Test912.jpg,Negative
Test929.jpg,Positive
Test937.jpg,Positive
Test941.jpg,Random
Test942.jpg,Negative
Test945.jpg,Negative
Test946.jpg,Negative
Test957.jpg,Positive
Test979.jpg,Positive
Test993.jpg,Negative
Test100.jpg,Positive
Test103.jpg,Random
Test105.jpg,Random
Test107.jpg,Positive
Test108.jpg,Negative
Test109.jpg,Positive
Test113.jpg,Negative
Test114.jpg,Positive
Test117.jpg,Random
Test119.jpg,Positive
Test122.jpg,Random
Test125.jpg,Negative
Test126.jpg,Random
Test128.jpg,Random
Test129.jpg,Positive
Test131.jpg,Random
Test132.jpg,Random
Test133.jpg,Random
Test134.jpg,Random
Test135.jpg,Negative
Test136.jpg,Random
Test140.jpg,Random
Test141.jpg,Random
Test143.jpg,Positive
Test144.jpg,Random
Test145.jpg,Positive
Test149.jpg,Random
Test151.jpg,Random
Test152.jpg,Random
Test154.jpg,Negative
Test158.jpg,Random
Test160.jpg,Random
Test161.jpg,Random
Test162.jpg,Negative
Test164.jpg,Negative
Test165.jpg,Positive
Test166.jpg,Random
Test168.jpg,Random
Test172.jpg,Negative
Test173.jpg,Random
Test176.jpg,Random
Test179.jpg,Negative
Test180.jpg,Random
Test181.jpg,Random
Test183.jpg,Random
Test187.jpg,Random
Test188.jpg,Random
Test191.jpg,Negative
Test192.jpg,Random
Test194.jpg,Negative
Test198.jpg,Negative
Test201.jpg,Negative
Test204.jpg,Random
Test206.jpg,Random
Test209.jpg,Random
Test211.jpg,Random
Test212.jpg,Random
Test213.jpg,Random
Test216.jpg,Random
Test218.jpg,Random
Test221.jpg,Random
Test225.jpg,Negative
Test227.jpg,Positive
Test228.jpg,Random
Test230.jpg,Positive
Test231.jpg,Random
Test232.jpg,Negative
Test233.jpg,Random
Test234.jpg,Random
Test236.jpg,Random
Test237.jpg,Random
Test238.jpg,Negative
Test239.jpg,Random
Test240.jpg,Positive
Test242.jpg,Negative
Test243.jpg,Random
Test244.jpg,Random
Test245.jpg,Negative
Test249.jpg,Random
Test250.jpg,Positive
